event_name,wikipedia_url,scraped_at,date_raw,venue,venue_wiki_path,location,attendance,attendance_raw,gate_revenue,gate_raw,venue_capacity,sell_through,source,ppv_buys,event_date
UFC Fight Night: Holm vs. Correia,https://en.wikipedia.org/wiki/UFC_Fight_Night%3A_Holm_vs._Correia,2025-12-07T15:40:10.391837,"June 17, 2017",Singapore Indoor Stadium,/wiki/Singapore_Indoor_Stadium,"Kallang, Singapore",8414.0,"8,414[1]",839300.0,"$839,300[1]",15000.0,0.5609333333333333,Wikipedia,,2017-06-17
UFC 212: Aldo vs. Holloway,https://en.wikipedia.org/wiki/UFC_212%3A_Aldo_vs._Holloway,2025-12-07T15:40:18.845947,"June 3, 2017",Jeunesse Arena,/wiki/Jeunesse_Arena,"Rio de Janeiro, Brazil",15412.0,"15,412[1]",,,18768.0,0.8211849957374254,Wikipedia,,2017-06-03
UFC 210: Cormier vs. Johnson 2,https://en.wikipedia.org/wiki/UFC_210%3A_Cormier_vs._Johnson_2,2025-12-07T15:40:38.405503,"April 8, 2017",KeyBank Center,/wiki/KeyBank_Center,"Buffalo, New York",17110.0,"17,110[1]",2000000.0,"$2,000,000[1]",19200.0,0.8911458333333333,Wikipedia,300000.0,2017-04-08
UFC Fight Night: Manuwa vs. Anderson,https://en.wikipedia.org/wiki/UFC_Fight_Night%3A_Manuwa_vs._Anderson,2025-12-07T15:40:42.548918,"March 18, 2017",The O2Arena,/wiki/The_O2_Arena,"London,England",15761.0,"15,761[1]",2015777.0,"$2,015,777[1]",20000.0,0.78805,Wikipedia,,2017-03-18
UFC Fight Night: Belfort vs. Gastelum,https://en.wikipedia.org/wiki/UFC_Fight_Night%3A_Belfort_vs._Gastelum,2025-12-07T15:40:46.918539,"March 11, 2017",Centro de Formação Olímpica do Nordeste,,"Fortaleza,Brazil",14069.0,"14,069[1]",,,,,Wikipedia,,2017-03-11
UFC 209: Woodley vs. Thompson 2,https://en.wikipedia.org/wiki/UFC_209%3A_Woodley_vs._Thompson_2,2025-12-07T15:40:49.487321,"March 4, 2017",T-Mobile Arena,/wiki/T-Mobile_Arena,"Paradise, Nevada",13150.0,"13,150[1]",2385230.0,"$2,385,230[1]",20000.0,0.6575,Wikipedia,,2017-03-04
UFC on FX: Belfort vs. Rockhold,https://en.wikipedia.org/wiki/UFC_on_FX%3A_Belfort_vs._Rockhold,2025-12-07T15:50:24.775724,"May 18, 2013",Arena Jaraguá,/wiki/Arena_Jaragu%C3%A1,"Jaraguá do Sul,Brazil",7642.0,"7,642[1]",,,8000.0,0.95525,Wikipedia,,2013-05-18
UFC 125: Resolution,https://en.wikipedia.org/wiki/UFC_125%3A_Resolution,2025-12-07T15:54:34.087968,"January 1, 2011",MGM Grand Garden Arena,/wiki/MGM_Grand_Garden_Arena,"Las Vegas, Nevada",12874.0,"12,874[1]",2174780.0,"$2,174,780[1]",17000.0,0.7572941176470588,Wikipedia,270000.0,2011-01-01
UFC 112: Invincible,https://en.wikipedia.org/wiki/UFC_112%3A_Invincible,2025-12-07T15:55:32.692098,"April 10, 2010","Concert Arena,Yas Island",/wiki/Yas_Island,"Abu Dhabi,United Arab Emirates",11008.0,"11,008[1]",3500000.0,"$3,500,000[1]",,,Wikipedia,500000.0,2010-04-10
UFC 109: Relentless,https://en.wikipedia.org/wiki/UFC_109%3A_Relentless,2025-12-07T15:55:52.392095,"February 6, 2010",Mandalay Bay Events Center,/wiki/Mandalay_Bay_Events_Center,"Las Vegas, Nevada",10753.0,"10,753[1]",2273000.0,"$2,273,000[1]",12000.0,0.8960833333333333,Wikipedia,275000.0,2010-02-06
UFC 101: Declaration,https://en.wikipedia.org/wiki/UFC_101%3A_Declaration,2025-12-07T15:56:33.911409,"August 8, 2009",Wachovia Center,/wiki/Wells_Fargo_Center_(Philadelphia),"Philadelphia,Pennsylvania",17411.0,"17,411[1]",3550000.0,"$3,550,000[1]",21000.0,0.8290952380952381,Wikipedia,850000.0,2009-08-08
UFC 100,https://en.wikipedia.org/wiki/UFC_100,2025-12-07T15:56:38.609813,"July 11, 2009",Mandalay Bay Events Center,/wiki/Mandalay_Bay_Events_Center,"Las Vegas, Nevada",10871.0,"10,871 (9,764 paid)[1]",5101740.0,"$5,101,740[1]",12000.0,0.9059166666666667,Wikipedia,1600000.0,2009-07-11
UFC Fight Night: Condit vs Kampmann,https://en.wikipedia.org/wiki/UFC_Fight_Night%3A_Condit_vs_Kampmann,2025-12-07T15:56:56.633647,"April 1, 2009",Sommet Center,/wiki/Sommet_Center,"Nashville,Tennessee",10267.0,"10,267[1]",626077.0,"$626,077[1]",20000.0,0.51335,Wikipedia,,2009-04-01
UFC Fight Night: Lauzon vs Stephens,https://en.wikipedia.org/wiki/UFC_Fight_Night%3A_Lauzon_vs_Stephens,2025-12-07T15:57:08.640085,"February 7, 2009",USF Sun Dome[1],/wiki/USF_Sun_Dome,"Tampa,Florida[1]",7596.0,"7,596",428000.0,"$428,000",10500.0,0.7234285714285714,Wikipedia,,2009-02-07
UFC Fight Night: Diaz vs Neer,https://en.wikipedia.org/wiki/UFC_Fight_Night%3A_Diaz_vs_Neer,2025-12-07T15:57:41.771214,"September 17, 2008",Omaha Civic Auditorium,/wiki/Omaha_Civic_Auditorium,"Omaha,Nebraska",9103.0,"9,103",700000.0,"$700,000",10960.0,0.8305656934306569,Wikipedia,,2008-09-17
UFC: Silva vs Irvin,https://en.wikipedia.org/wiki/UFC%3A_Silva_vs_Irvin,2025-12-07T15:57:53.337236,"July 19, 2008",Palms Casino Resort,/wiki/Palms_Casino_Resort,"Las Vegas, Nevada",2071.0,"2,071[1]",,,,,Wikipedia,,2008-07-19
UFC Fight Night: Florian vs Lauzon,https://en.wikipedia.org/wiki/UFC_Fight_Night%3A_Florian_vs_Lauzon,2025-12-07T15:58:17.501950,"April 2, 2008",Broomfield Event Center,/wiki/Broomfield_Event_Center,"Broomfield,Colorado",6742.0,"6,742[1]",753429.0,"$753,429[1]",6500.0,1.0372307692307692,Wikipedia,,2008-04-02
UFC 81: Breaking Point,https://en.wikipedia.org/wiki/UFC_81%3A_Breaking_Point,2025-12-07T15:58:26.948187,"February 2, 2008",Mandalay Bay Events Center,/wiki/Mandalay_Bay_Events_Center,"Las Vegas, Nevada",10583.0,"10,583 (7,167 paid)",2437890.0,"$2,437,890",12000.0,0.8819166666666667,Wikipedia,650000.0,2008-02-02
UFC Fight Night: Thomas vs Florian,https://en.wikipedia.org/wiki/UFC_Fight_Night%3A_Thomas_vs_Florian,2025-12-07T15:58:54.139121,"September 19, 2007",Palms Casino Resort,/wiki/Palms_Casino_Resort,"Las Vegas, Nevada",,,270000.0,"$270,000[1]",,,Wikipedia,,2007-09-19
UFC 64: Unstoppable,https://en.wikipedia.org/wiki/UFC_64%3A_Unstoppable,2025-12-07T15:59:59.090832,"October 14, 2006",Mandalay Bay Events Center,/wiki/Mandalay_Bay_Events_Center,"Las Vegas, Nevada",10173.0,"10,173 (8,913 paid)[1]",1790490.0,"$1,790,490[1]",12000.0,0.84775,Wikipedia,300000.0,2006-10-14
UFC Fight Night 5,https://en.wikipedia.org/wiki/UFC_Fight_Night_5,2025-12-07T16:00:22.571733,"June 28, 2006",Hard Rock Hotel and Casino,/wiki/Hard_Rock_Hotel_and_Casino_(Las_Vegas),"Paradise, Nevada",954.0,954[1],134368.0,"$134,368[2]",,,Wikipedia,,2006-06-28
UFC Fight Night 4,https://en.wikipedia.org/wiki/UFC_Fight_Night_4,2025-12-07T16:00:42.704612,"April 6, 2006",Hard Rock Hotel and Casino,/wiki/Hard_Rock_Hotel_and_Casino_(Las_Vegas),"Las Vegas, Nevada",843.0,843,199150.0,"$199,150[1]",,,Wikipedia,,2006-04-06
UFC Fight Night 3,https://en.wikipedia.org/wiki/UFC_Fight_Night_3,2025-12-07T16:00:57.784493,"January 16, 2006",Hard Rock Hotel and Casino,/wiki/Hard_Rock_Hotel_and_Casino_(Las_Vegas),"Las Vegas, Nevada",1008.0,"1,008",144600.0,"$144,600[1]",,,Wikipedia,,2006-01-16
UFC 9: Motor City Madness,https://en.wikipedia.org/wiki/UFC_9%3A_Motor_City_Madness,2025-12-07T16:04:34.495883,"May 17, 1996",Cobo Arena,/wiki/Cobo_Arena,"Detroit,Michigan",10000.0,"10,000",,,,,Wikipedia,141000.0,1996-05-17
UFC 4: Revenge of the Warriors,https://en.wikipedia.org/wiki/UFC_4%3A_Revenge_of_the_Warriors,2025-12-07T16:04:57.506998,"December 16, 1994",Expo Square Pavilion,/wiki/Expo_Square_Pavilion,"Tulsa, Oklahoma",5857.0,"5,857",,,6311.0,0.9280621137696086,Wikipedia,120000.0,1994-12-16
UFC 3: The American Dream,https://en.wikipedia.org/wiki/UFC_3%3A_The_American_Dream,2025-12-07T16:05:02.520012,"September 9, 1994[1]",Grady Cole Center,/wiki/Grady_Cole_Center,"Charlotte,North Carolina",3000.0,"3,000",,,2500.0,1.2,Wikipedia,90000.0,1994-09-09
UFC 2: No Way Out,https://en.wikipedia.org/wiki/UFC_2%3A_No_Way_Out,2025-12-07T16:05:06.868944,"March 11, 1994",Mammoth Gardens,/wiki/Mammoth_Gardens,"Denver,Colorado",2000.0,"2,000",,,3900.0,0.5128205128205128,Wikipedia,,1994-03-11
UFC Fight Night: Oliveira vs. Gamrot,https://en.wikipedia.org/wiki/UFC_Fight_Night%3A_Oliveira_vs._Gamrot,2025-12-07T15:19:56.965147,"October 11, 2025(2025-10-11)",Farmasi Arena,/wiki/Farmasi_Arena,"Rio de Janeiro, Brazil",16297.0,"16,297[1]",1.0,Not announced[1],18768.0,0.8683397271952259,Wikipedia,,
UFC Fight Night: Ulberg vs. Reyes,https://en.wikipedia.org/wiki/UFC_Fight_Night%3A_Ulberg_vs._Reyes,2025-12-07T15:20:03.642166,"September 28, 2025(2025-09-28)",RAC Arena,/wiki/Perth_Arena,"Perth, Australia",12543.0,"12,543[1]",1800000.0,"$1,800,000[1]",15500.0,0.8092258064516129,Wikipedia,,
UFC Fight Night: Lopes vs. Silva,https://en.wikipedia.org/wiki/UFC_Fight_Night%3A_Lopes_vs._Silva,2025-12-07T15:20:07.567429,"September 13, 2025(2025-09-13)",Frost Bank Center,/wiki/Frost_Bank_Center,"San Antonio, Texas, United States",18005.0,"18,005[1]",3586669.0,"$3,586,669[1]",19217.0,0.936930842483218,Wikipedia,,
UFC Fight Night: Imavov vs. Borralho,https://en.wikipedia.org/wiki/UFC_Fight_Night%3A_Imavov_vs._Borralho,2025-12-07T15:20:11.637935,"September 6, 2025(2025-09-06)",Accor Arena,/wiki/Accor_Arena,"Paris, France",15724.0,"15,724[1]",4331000.0,"$4,331,000[1]",20300.0,0.7745812807881773,Wikipedia,,
UFC Fight Night: Lewis vs. Teixeira,https://en.wikipedia.org/wiki/UFC_Fight_Night%3A_Lewis_vs._Teixeira,2025-12-07T15:20:31.494147,"July 12, 2025(2025-07-12)",Bridgestone Arena,/wiki/Bridgestone_Arena,"Nashville, Tennessee, United States",17007.0,"17,007[1]",2189826.0,"$2,189,826[1]",20000.0,0.85035,Wikipedia,,
UFC Fight Night: Hill vs. Rountree Jr.,https://en.wikipedia.org/wiki/UFC_Fight_Night%3A_Hill_vs._Rountree_Jr.,2025-12-07T15:20:38.314480,"June 21, 2025(2025-06-21)",Baku Crystal Hall,/wiki/Baku_Crystal_Hall,"Baku, Azerbaijan",14424.0,"14,424[1]",1.0,Not announced[1],27000.0,0.5342222222222223,Wikipedia,,
UFC Fight Night: Sandhagen vs. Figueiredo,https://en.wikipedia.org/wiki/UFC_Fight_Night%3A_Sandhagen_vs._Figueiredo,2025-12-07T15:20:57.178427,"May 3, 2025(2025-05-03)",Wells Fargo Arena,"/wiki/Wells_Fargo_Arena_(Des_Moines,_Iowa)","Des Moines,Iowa, United States",15627.0,"15,627[1]",2476690.0,"$2,476,690[1]",16980.0,0.9203180212014134,Wikipedia,,
UFC Fight Night: Moreno vs. Erceg,https://en.wikipedia.org/wiki/UFC_Fight_Night%3A_Moreno_vs._Erceg,2025-12-07T15:21:09.430656,"March 29, 2025(2025-03-29)",Arena CDMX,/wiki/Arena_CDMX,"Mexico City, Mexico",19731.0,"19,731[1]",2530474.0,"$2,530,474[1]",22300.0,0.8847982062780269,Wikipedia,,
UFC Fight Night: Edwards vs. Brady,https://en.wikipedia.org/wiki/UFC_Fight_Night%3A_Edwards_vs._Brady,2025-12-07T15:21:12.988041,"March 22, 2025(2025-03-22)",The O2Arena,/wiki/The_O2_Arena,"London, England",18583.0,"18,583[1]",4711410.0,"$4,711,410[1]",20000.0,0.92915,Wikipedia,,
UFC Fight Night: Cejudo vs. Song,https://en.wikipedia.org/wiki/UFC_Fight_Night%3A_Cejudo_vs._Song,2025-12-07T15:21:24.960116,"February 22, 2025(2025-02-22)",Climate Pledge Arena,/wiki/Climate_Pledge_Arena,"Seattle, Washington, United States",18287.0,"18,287[1]",3841751.94,"$3,841,751.94[1]",18300.0,0.9992896174863388,Wikipedia,,
UFC Fight Night: Yan vs. Figueiredo,https://en.wikipedia.org/wiki/UFC_Fight_Night%3A_Yan_vs._Figueiredo,2025-12-07T15:21:50.360042,"November 23, 2024(2024-11-23)",Galaxy Arena,/wiki/Galaxy_Macau#Other_developments,"MacauSAR, China",12615.0,"12,615[1]",1.0,Not announced[1],,,Wikipedia,,
UFC Fight Night: Moreno vs. Albazi,https://en.wikipedia.org/wiki/UFC_Fight_Night%3A_Moreno_vs._Albazi,2025-12-07T15:22:00.269097,"November 2, 2024(2024-11-02)",Rogers Place,/wiki/Rogers_Place,"Edmonton,Alberta, Canada",16439.0,"16,439[1]",2600463.0,"$2,600,463[1]",20734.0,0.7928523198610977,Wikipedia,,
UFC Fight Night: Moicano vs. Saint Denis,https://en.wikipedia.org/wiki/UFC_Fight_Night%3A_Moicano_vs._Saint_Denis,2025-12-07T15:22:16.307267,"September 28, 2024(2024-09-28)",Accor Arena,/wiki/Accor_Arena,"Paris, France",15449.0,"15,449[1]",4000000.0,"$4,000,000[1]",20300.0,0.7610344827586207,Wikipedia,,
UFC 304: Edwards vs. Muhammad 2,https://en.wikipedia.org/wiki/UFC_304%3A_Edwards_vs._Muhammad_2,2025-12-07T15:22:39.692401,"July 27, 2024(2024-07-27)",Co-op Live,/wiki/Co-op_Live,"Manchester, England",17907.0,"17,907[1]",6720000.0,"$6,720,000[1]",23500.0,0.762,Wikipedia,,
UFC 302: Makhachev vs. Poirier,https://en.wikipedia.org/wiki/UFC_302%3A_Makhachev_vs._Poirier,2025-12-07T15:23:06.228513,"June 1, 2024(2024-06-01)",Prudential Center,/wiki/Prudential_Center,"Newark, New Jersey, United States",17834.0,"17,834[1]",7255040.0,"$7,255,040[1]",18711.0,0.9531291753513976,Wikipedia,,
UFC Fight Night: Lewis vs. Nascimento,https://en.wikipedia.org/wiki/UFC_Fight_Night%3A_Lewis_vs._Nascimento,2025-12-07T15:23:13.125819,"May 11, 2024(2024-05-11)",Enterprise Center,/wiki/Enterprise_Center,"St. Louis, Missouri, United States",15960.0,"15,960[1]",2470197.0,"$2,470,197[1]",22000.0,0.7254545454545455,Wikipedia,,
UFC 300: Pereira vs. Hill,https://en.wikipedia.org/wiki/UFC_300%3A_Pereira_vs._Hill,2025-12-07T15:23:25.331935,"April 13, 2024(2024-04-13)",T-Mobile Arena,/wiki/T-Mobile_Arena,"Paradise, Nevada, United States",20067.0,"20,067[1]",16508823.0,"$16,508,823[1]",20000.0,1.00335,Wikipedia,,
UFC Fight Night: Blanchfield vs. Fiorot,https://en.wikipedia.org/wiki/UFC_Fight_Night%3A_Blanchfield_vs._Fiorot,2025-12-07T15:23:32.054158,"March 30, 2024(2024-03-30)",Boardwalk Hall,/wiki/Boardwalk_Hall,"Atlantic City, New Jersey, United States",12198.0,"12,198[1]",2180601.0,"$2,180,601[1]",10500.0,1.1617142857142857,Wikipedia,,
UFC Fight Night: Moreno vs. Royval 2,https://en.wikipedia.org/wiki/UFC_Fight_Night%3A_Moreno_vs._Royval_2,2025-12-07T15:23:47.240150,"February 24, 2024(2024-02-24)",Arena CDMX,/wiki/Arena_CDMX,"Mexico City, Mexico",21546.0,"21,546[1]",1.0,Not announced[1],22300.0,0.9661883408071749,Wikipedia,,
UFC Fight Night: Dariush vs. Tsarukyan,https://en.wikipedia.org/wiki/UFC_Fight_Night%3A_Dariush_vs._Tsarukyan,2025-12-07T15:24:12.910096,"December 2, 2023(2023-12-02)",Moody Center,/wiki/Moody_Center,"Austin, Texas, United States",14485.0,"14,485[1]",2450000.0,"$2,450,000[1]",16223.0,0.8928681501571842,Wikipedia,,
UFC Fight Night: Almeida vs. Lewis,https://en.wikipedia.org/wiki/UFC_Fight_Night%3A_Almeida_vs._Lewis,2025-12-07T15:24:22.838352,"November 4, 2023(2023-11-04)",Ginásio do Ibirapuera,/wiki/Gin%C3%A1sio_do_Ibirapuera,"São Paulo, Brazil",10792.0,"10,792[1]",,,10200.0,1.0580392156862746,Wikipedia,,
UFC Fight Night: Grasso vs. Shevchenko 2,https://en.wikipedia.org/wiki/UFC_Fight_Night%3A_Grasso_vs._Shevchenko_2,2025-12-07T15:24:37.623083,"September 16, 2023(2023-09-16)",T-Mobile Arena,/wiki/T-Mobile_Arena,"Paradise, Nevada, United States",18766.0,"18,766[1]",2265537.16,"$2,265,537.16[1]",20000.0,0.9383,Wikipedia,,
UFC Fight Night: Gane vs. Spivac,https://en.wikipedia.org/wiki/UFC_Fight_Night%3A_Gane_vs._Spivac,2025-12-07T15:24:45.548222,"September 2, 2023(2023-09-02)",Accor Arena,/wiki/Accor_Arena,"Paris, France",15610.0,"15,610[1]",4000000.0,"$4,000,000[1]",20300.0,0.7689655172413793,Wikipedia,,
UFC Fight Night: Holloway vs. The Korean Zombie,https://en.wikipedia.org/wiki/UFC_Fight_Night%3A_Holloway_vs._The_Korean_Zombie,2025-12-07T15:24:49.586828,"August 26, 2023(2023-08-26)",Singapore Indoor Stadium,/wiki/Singapore_Indoor_Stadium,Singapore,10263.0,"10,263[1]",1288777.0,"$1,288,777[1]",15000.0,0.6842,Wikipedia,,
UFC Fight Night: Aspinall vs. Tybura,https://en.wikipedia.org/wiki/UFC_Fight_Night%3A_Aspinall_vs._Tybura,2025-12-07T15:25:08.301427,"July 22, 2023(2023-07-22)",The O2Arena,/wiki/The_O2_Arena,"London, England",15078.0,"15,078[1]",2500000.0,"$2,500,000[1]",20000.0,0.7539,Wikipedia,,
UFC Fight Night: Holloway vs. Allen,https://en.wikipedia.org/wiki/UFC_Fight_Night%3A_Holloway_vs._Allen,2025-12-07T15:25:52.101902,"April 15, 2023(2023-04-15)",T-Mobile Center,/wiki/T-Mobile_Center,"Kansas City,Missouri, United States",16234.0,"16,234[1]",2180096.0,"$2,180,096[1]",19252.0,0.8432370662788282,Wikipedia,,
UFC 286: Edwards vs. Usman 3,https://en.wikipedia.org/wiki/UFC_286%3A_Edwards_vs._Usman_3,2025-12-07T15:26:02.259273,"March 18, 2023(2023-03-18)",The O2Arena,/wiki/The_O2_Arena,"London,England, United Kingdom",17588.0,"17,588[1]",8580000.0,"$8,580,000[1]",20000.0,0.8794,Wikipedia,,
UFC Fight Night: Yan vs. Dvalishvili,https://en.wikipedia.org/wiki/UFC_Fight_Night%3A_Yan_vs._Dvalishvili,2025-12-07T15:26:06.532205,"March 11, 2023(2023-03-11)",The Theater at Virgin Hotels,/wiki/The_Theater_at_Virgin_Hotels,"Paradise, Nevada, United States",2361.0,"2,361[1]",452669.71,"$452,669.71[1]",4500.0,0.5246666666666666,Wikipedia,,
UFC 285: Jones vs. Gane,https://en.wikipedia.org/wiki/UFC_285%3A_Jones_vs._Gane,2025-12-07T15:26:10.815567,"March 4, 2023(2023-03-04)",T-Mobile Arena,/wiki/T-Mobile_Arena,"Paradise, Nevada, United States",19471.0,"19,471[1]",12154753.1,"$12,154,753.10.[1]",20000.0,0.97355,Wikipedia,,
UFC 284: Makhachev vs. Volkanovski,https://en.wikipedia.org/wiki/UFC_284%3A_Makhachev_vs._Volkanovski,2025-12-07T15:26:20.951997,"February 12, 2023(2023-02-12)",RAC Arena,/wiki/Perth_Arena,"Perth, Australia",14124.0,"14,124[1]",4086687.7,"$4,086,687.70[1]",15500.0,0.9112258064516129,Wikipedia,,
UFC 283: Teixeira vs. Hill,https://en.wikipedia.org/wiki/UFC_283%3A_Teixeira_vs._Hill,2025-12-07T15:26:27.973828,"January 21, 2023(2023-01-21)",Jeunesse Arena,/wiki/Jeunesse_Arena,"Rio de Janeiro, Brazil",13604.0,"13,604[1]",,,18768.0,0.724850809889173,Wikipedia,,
UFC 281: Adesanya vs. Pereira,https://en.wikipedia.org/wiki/UFC_281%3A_Adesanya_vs._Pereira,2025-12-07T15:26:49.081218,"November 12, 2022(2022-11-12)",Madison Square Garden,/wiki/Madison_Square_Garden,"New York City, New York, United States",20845.0,"20,845[1]",11562807.77,"$11,562,807.77[1]",22000.0,0.9475,Wikipedia,,
UFC 280: Oliveira vs. Makhachev,https://en.wikipedia.org/wiki/UFC_280%3A_Oliveira_vs._Makhachev,2025-12-07T15:26:58.674640,"October 22, 2022(2022-10-22)",Etihad Arena,/wiki/Etihad_Arena,"Abu Dhabi, United Arab Emirates",13400.0,"13,400[1]",1.0,Not Announced[1],18000.0,0.7444444444444445,Wikipedia,650000.0,
UFC 279: Diaz vs. Ferguson,https://en.wikipedia.org/wiki/UFC_279%3A_Diaz_vs._Ferguson,2025-12-07T15:27:11.454893,"September 10, 2022(2022-09-10)",T-Mobile Arena,/wiki/T-Mobile_Arena,"Paradise, Nevada, United States",19125.0,"19,125[1]",5670271.86,"$5,670,271.86[1]",20000.0,0.95625,Wikipedia,,
UFC Fight Night: Gane vs. Tuivasa,https://en.wikipedia.org/wiki/UFC_Fight_Night%3A_Gane_vs._Tuivasa,2025-12-07T15:27:15.590683,"September 3, 2022(2022-09-03)",Accor Arena,/wiki/Accor_Arena,"Paris, France",15405.0,"15,405[1]",3242837.0,"$3,242,837[1]",20300.0,0.7588669950738917,Wikipedia,,
UFC Fight Night: Blaydes vs. Aspinall,https://en.wikipedia.org/wiki/UFC_Fight_Night%3A_Blaydes_vs._Aspinall,2025-12-07T15:27:32.864373,"July 23, 2022(2022-07-23)",The O2Arena,/wiki/The_O2_Arena,"London, England",17813.0,"17,813[1]",4320679.0,"$4,320,679[1]",20000.0,0.89065,Wikipedia,,
UFC 276: Adesanya vs. Cannonier,https://en.wikipedia.org/wiki/UFC_276%3A_Adesanya_vs._Cannonier,2025-12-07T15:27:44.281968,"July 2, 2022(2022-07-02)",T-Mobile Arena,/wiki/T-Mobile_Arena,"Paradise, Nevada, United States",19649.0,"19,649[1]",10409553.7,"$10,409,553.70[1]",20000.0,0.98245,Wikipedia,,
UFC Fight Night: Kattar vs. Emmett,https://en.wikipedia.org/wiki/UFC_Fight_Night%3A_Kattar_vs._Emmett,2025-12-07T15:27:51.201510,"June 18, 2022(2022-06-18)",Moody Center,/wiki/Moody_Center,"Austin, Texas, United States",13689.0,"13,689[1]",1930000.0,"$1,930,000[1]",16223.0,0.8438020094926956,Wikipedia,,
UFC 273: Volkanovski vs. The Korean Zombie,https://en.wikipedia.org/wiki/UFC_273%3A_Volkanovski_vs._The_Korean_Zombie,2025-12-07T15:28:20.468935,"April 9, 2022(2022-04-09)",VyStar Veterans Memorial Arena,/wiki/VyStar_Veterans_Memorial_Arena,"Jacksonville,Florida, United States",14605.0,"14,605[1]",3550053.07,"$3,550,053.07[1]",15000.0,0.9736666666666667,Wikipedia,,
UFC Fight Night: Blaydes vs. Daukaus,https://en.wikipedia.org/wiki/UFC_Fight_Night%3A_Blaydes_vs._Daukaus,2025-12-07T15:28:24.971233,"March 26, 2022(2022-03-26)",Nationwide Arena,/wiki/Nationwide_Arena,"Columbus, Ohio, United States",18630.0,"18,630[1]",1921988.24,"$1,921,988.24[1]",20000.0,0.9315,Wikipedia,,
UFC Fight Night: Volkov vs. Aspinall,https://en.wikipedia.org/wiki/UFC_Fight_Night%3A_Volkov_vs._Aspinall,2025-12-07T15:28:29.072567,"March 19, 2022(2022-03-19)",The O2Arena,/wiki/The_O2_Arena,"London, England",17081.0,"17,081[1]",4500000.0,"$4,500,000[1]",20000.0,0.85405,Wikipedia,,
UFC 272: Covington vs. Masvidal,https://en.wikipedia.org/wiki/UFC_272%3A_Covington_vs._Masvidal,2025-12-07T15:28:35.881144,"March 5, 2022(2022-03-05)",T-Mobile Arena,/wiki/T-Mobile_Arena,"Paradise, Nevada, United States",19425.0,"19,425[1]",6760000.0,"$6,760,000[1]",20000.0,0.97125,Wikipedia,,
UFC 271: Adesanya vs. Whittaker 2,https://en.wikipedia.org/wiki/UFC_271%3A_Adesanya_vs._Whittaker_2,2025-12-07T15:28:45.026895,"February 12, 2022(2022-02-12)",Toyota Center,/wiki/Toyota_Center,"Houston, Texas, United States",17872.0,"17,872[1]",4300000.0,"$4,300,000[1]",19000.0,0.9406315789473684,Wikipedia,,
UFC 270: Ngannou vs. Gane,https://en.wikipedia.org/wiki/UFC_270%3A_Ngannou_vs._Gane,2025-12-07T15:28:51.529993,"January 22, 2022(2022-01-22)",Honda Center,/wiki/Honda_Center,"Anaheim, California, United States",17387.0,"17,387[1]",5290213.0,"$5,290,213[1]",18900.0,0.91994708994709,Wikipedia,,
UFC 269: Oliveira vs. Poirier,https://en.wikipedia.org/wiki/UFC_269%3A_Oliveira_vs._Poirier,2025-12-07T15:29:01.793225,"December 11, 2021(2021-12-11)",T-Mobile Arena,/wiki/T-Mobile_Arena,"Paradise,Nevada, United States",18471.0,"18,471[1]",8000000.0,"$8,000,000[1]",20000.0,0.92355,Wikipedia,500000.0,
UFC 268: Usman vs. Covington 2,https://en.wikipedia.org/wiki/UFC_268%3A_Usman_vs._Covington_2,2025-12-07T15:29:15.245302,"November 6, 2021(2021-11-06)",Madison Square Garden,/wiki/Madison_Square_Garden,"New York City,New York, United States",20715.0,"20,715[1]",9800000.0,"$9,800,000[1]",22000.0,0.9415909090909091,Wikipedia,700000.0,
UFC 266: Volkanovski vs. Ortega,https://en.wikipedia.org/wiki/UFC_266%3A_Volkanovski_vs._Ortega,2025-12-07T15:29:31.692817,"September 25, 2021(2021-09-25)",T-Mobile Arena,/wiki/T-Mobile_Arena,"Paradise, Nevada, United States",19029.0,"19,029[1]",5609906.0,"$5,609,906[1]",20000.0,0.95145,Wikipedia,,
UFC 265: Lewis vs. Gane,https://en.wikipedia.org/wiki/UFC_265%3A_Lewis_vs._Gane,2025-12-07T15:29:45.542476,"August 7, 2021(2021-08-07)",Toyota Center,/wiki/Toyota_Center,"Houston,Texas, United States",16604.0,"16,604[1]",3460000.0,"$3,460,000[1]",19000.0,0.8738947368421053,Wikipedia,,
UFC 264: Poirier vs. McGregor 3,https://en.wikipedia.org/wiki/UFC_264%3A_Poirier_vs._McGregor_3,2025-12-07T15:29:57.272225,"July 10, 2021(2021-07-10)",T-Mobile Arena,/wiki/T-Mobile_Arena,"Paradise, Nevada, United States",20062.0,"20,062[1]",15759800.0,"$15,759,800[1]",20000.0,1.0031,Wikipedia,1800000.0,
UFC 263: Adesanya vs. Vettori 2,https://en.wikipedia.org/wiki/UFC_263%3A_Adesanya_vs._Vettori_2,2025-12-07T15:30:06.493299,"June 12, 2021(2021-06-12)",Gila River Arena,/wiki/Desert_Diamond_Arena,"Glendale, Arizona, United States",17208.0,"17,208[1]",4200000.0,"$4,200,000[1]",19000.0,0.9056842105263158,Wikipedia,600000.0,
UFC 262: Oliveira vs. Chandler,https://en.wikipedia.org/wiki/UFC_262%3A_Oliveira_vs._Chandler,2025-12-07T15:30:14.836149,"May 15, 2021(2021-05-15)",Toyota Center,/wiki/Toyota_Center,"Houston,Texas, United States",16005.0,"16,005[1]",4110000.0,"$4,110,000[1]",19000.0,0.8423684210526315,Wikipedia,300000.0,
UFC 261: Usman vs. Masvidal 2,https://en.wikipedia.org/wiki/UFC_261%3A_Usman_vs._Masvidal_2,2025-12-07T15:30:24.274651,"April 24, 2021(2021-04-24)",VyStar Veterans Memorial Arena,/wiki/VyStar_Veterans_Memorial_Arena,"Jacksonville,Florida, United States",15269.0,"15,269[1]",3300000.0,"$3,300,000[1]",15000.0,1.0179333333333334,Wikipedia,700000.0,
UFC Fight Night: Holloway vs. Kattar,https://en.wikipedia.org/wiki/UFC_Fight_Night%3A_Holloway_vs._Kattar,2025-12-07T15:31:00.867363,"January 16, 2021(2021-01-16)",Etihad Arena,/wiki/Etihad_Arena,"Abu Dhabi, United Arab Emirates",2000.0,"2,000[1]",,,18000.0,0.1111111111111111,Wikipedia,,
UFC 248: Adesanya vs. Romero,https://en.wikipedia.org/wiki/UFC_248%3A_Adesanya_vs._Romero,2025-12-07T15:32:31.324761,"March 7, 2020(2020-03-07)",T-Mobile Arena,/wiki/T-Mobile_Arena,"Paradise, Nevada, United States",15077.0,"15,077[1]",2742906.2,"$2,742,906.20[1]",20000.0,0.75385,Wikipedia,,
UFC Fight Night: Benavidez vs. Figueiredo,https://en.wikipedia.org/wiki/UFC_Fight_Night%3A_Benavidez_vs._Figueiredo,2025-12-07T15:32:35.509407,"February 29, 2020(2020-02-29)",Chartway Arena,/wiki/Chartway_Arena,"Norfolk, Virginia, United States",7098.0,"7,098[1]",402958.0,"$402,958[1]",9520.0,0.7455882352941177,Wikipedia,,
UFC Fight Night: Felder vs. Hooker,https://en.wikipedia.org/wiki/UFC_Fight_Night%3A_Felder_vs._Hooker,2025-12-07T15:32:39.212490,"February 23, 2020(2020-02-23)",Spark Arena,/wiki/Spark_Arena,"Auckland, New Zealand",10025.0,"10,025[1]",1239625.0,"$1,239,625[1]",120009740.0,8.35348864183857e-05,Wikipedia,,
UFC 247: Jones vs. Reyes,https://en.wikipedia.org/wiki/UFC_247%3A_Jones_vs._Reyes,2025-12-07T15:32:46.227708,"February 8, 2020(2020-02-08)",Toyota Center,/wiki/Toyota_Center,"Houston,Texas, United States",17401.0,"17,401[1]",3549418.0,"$3,549,418[1]",19000.0,0.9158421052631579,Wikipedia,,
UFC 246: McGregor vs. Cowboy,https://en.wikipedia.org/wiki/UFC_246%3A_McGregor_vs._Cowboy,2025-12-07T15:32:53.723609,"January 18, 2020(2020-01-18)",T-Mobile Arena,/wiki/T-Mobile_Arena,"Paradise, Nevada, United States",19040.0,"19,040[1]",11087629.33,"$11,087,629.33[2]",20000.0,0.952,Wikipedia,1353429.0,
UFC Fight Night: Edgar vs. The Korean Zombie,https://en.wikipedia.org/wiki/UFC_Fight_Night%3A_Edgar_vs._The_Korean_Zombie,2025-12-07T15:32:57.846819,"December 21, 2019(2019-12-21)",Sajik Arena,/wiki/Sajik_Arena,"Busan, South Korea",10651.0,"10,651[1]",,,14099.0,0.7554436484857082,Wikipedia,,
UFC 245: Usman vs. Covington,https://en.wikipedia.org/wiki/UFC_245%3A_Usman_vs._Covington,2025-12-07T15:33:02.092768,"December 14, 2019(2019-12-14)",T-Mobile Arena,/wiki/T-Mobile_Arena,"Paradise, Nevada, United States",16811.0,"16,811[1]",4041119.14,"$4,041,119.14[1]",20000.0,0.84055,Wikipedia,,
UFC Fight Night: Zabit vs. Kattar,https://en.wikipedia.org/wiki/UFC_Fight_Night%3A_Zabit_vs._Kattar,2025-12-07T15:33:13.438610,"November 9, 2019(2019-11-09)",CSKA Arena,/wiki/CSKA_Arena,"Moscow, Russia",11305.0,"11,305[1]",,,14000.0,0.8075,Wikipedia,,
UFC 244: Masvidal vs. Diaz,https://en.wikipedia.org/wiki/UFC_244%3A_Masvidal_vs._Diaz,2025-12-07T15:33:17.798469,"November 2, 2019(2019-11-02)",Madison Square Garden,/wiki/Madison_Square_Garden,"New York City,New York, United States",20143.0,"20,143[1]",6575996.19,"$6,575,996.19[1]",22000.0,0.9155909090909091,Wikipedia,,
UFC Fight Night: Maia vs. Askren,https://en.wikipedia.org/wiki/UFC_Fight_Night%3A_Maia_vs._Askren,2025-12-07T15:33:22.128425,"October 26, 2019(2019-10-26)",Singapore Indoor Stadium,/wiki/Singapore_Indoor_Stadium,"Kallang, Singapore",7155.0,"7,155[1]",,,15000.0,0.477,Wikipedia,,
UFC Fight Night: Joanna vs. Waterson,https://en.wikipedia.org/wiki/UFC_Fight_Night%3A_Joanna_vs._Waterson,2025-12-07T15:33:30.117994,"October 12, 2019(2019-10-12)",Amalie Arena,/wiki/Amalie_Arena,"Tampa, Florida",10597.0,"10,597[1]",897805.0,"$897,805[1]",21500.0,0.4928837209302326,Wikipedia,,
UFC 243: Whittaker vs. Adesanya,https://en.wikipedia.org/wiki/UFC_243%3A_Whittaker_vs._Adesanya,2025-12-07T15:33:34.666540,"October 6, 2019(2019-10-06)",Marvel Stadium,/wiki/Docklands_Stadium,"Melbourne, Australia",57127.0,"57,127[1]",5470000.0,"$5,470,000[1]",56347.0,1.013842795534811,Wikipedia,,
UFC Fight Night: Hermansson vs. Cannonier,https://en.wikipedia.org/wiki/UFC_Fight_Night%3A_Hermansson_vs._Cannonier,2025-12-07T15:33:39.289857,"September 28, 2019(2019-09-28)",Royal Arena,/wiki/Royal_Arena,"Copenhagen, Denmark",12767.0,"12,767[1]",1600000.0,"$1,600,000[1]",17000.0,0.751,Wikipedia,,
UFC Fight Night: Rodriguez vs. Stephens,https://en.wikipedia.org/wiki/UFC_Fight_Night%3A_Rodriguez_vs._Stephens,2025-12-07T15:33:43.541546,"September 21, 2019(2019-09-21)",Mexico City Arena,/wiki/Mexico_City_Arena,"Mexico City, Mexico",10112.0,"10,112[1]",,,22300.0,0.45345291479820626,Wikipedia,,
UFC Fight Night: Cowboy vs. Gaethje,https://en.wikipedia.org/wiki/UFC_Fight_Night%3A_Cowboy_vs._Gaethje,2025-12-07T15:33:47.755748,"September 14, 2019(2019-09-14)",Rogers Arena,/wiki/Rogers_Arena,"Vancouver,British Columbia, Canada",15114.0,"15,114[1]",1334931.56,"$1,334,931.56[1]",19700.0,0.7672081218274112,Wikipedia,,
UFC Fight Night: Andrade vs. Zhang,https://en.wikipedia.org/wiki/UFC_Fight_Night%3A_Andrade_vs._Zhang,2025-12-07T15:33:54.876128,"August 31, 2019(2019-08-31)",Shenzhen Universade Sports Centre Arena,/wiki/Shenzhen_Universiade_Sports_Centre,"Shenzhen, China",10302.0,"10,302[1]",,,60334.0,0.17074949448072396,Wikipedia,,
UFC 241: Cormier vs. Miocic 2,https://en.wikipedia.org/wiki/UFC_241%3A_Cormier_vs._Miocic_2,2025-12-07T15:34:00.082718,"August 17, 2019(2019-08-17)",Honda Center,/wiki/Honda_Center,"Anaheim, California",17304.0,"17,304[1]",3237032.0,"$3,237,032[1]",18900.0,0.9155555555555556,Wikipedia,,
UFC Fight Night: Shevchenko vs. Carmouche 2,https://en.wikipedia.org/wiki/UFC_Fight_Night%3A_Shevchenko_vs._Carmouche_2,2025-12-07T15:34:04.417217,"August 10, 2019(2019-08-10)",Antel Arena,/wiki/Antel_Arena,"Montevideo, Uruguay",9225.0,"9,225[1]",,,15000.0,0.615,Wikipedia,,
UFC 240: Holloway vs. Edgar,https://en.wikipedia.org/wiki/UFC_240%3A_Holloway_vs._Edgar,2025-12-07T15:34:13.044576,"July 27, 2019(2019-07-27)",Rogers Place,/wiki/Rogers_Place,"Edmonton,Alberta, Canada",12144.0,"12,144[1]",1400000.0,$1.4 million[1],20734.0,0.5857046397221954,Wikipedia,,
UFC 239: Jones vs. Santos,https://en.wikipedia.org/wiki/UFC_239%3A_Jones_vs._Santos,2025-12-07T15:34:24.993268,"July 6, 2019(2019-07-06)",T-Mobile Arena,/wiki/T-Mobile_Arena,"Paradise, Nevada",18358.0,"18,358[1]",6063707.11,"$6,063,707.11[1]",20000.0,0.9179,Wikipedia,,
UFC Fight Night: Moicano vs. The Korean Zombie,https://en.wikipedia.org/wiki/UFC_Fight_Night%3A_Moicano_vs._The_Korean_Zombie,2025-12-07T15:34:32.648374,"June 22, 2019(2019-06-22)",Bon Secours Wellness Arena,/wiki/Bon_Secours_Wellness_Arena,"Greenville, South Carolina",7682.0,"7,682[1]",567930.8,"$567,930.80[1]",16000.0,0.480125,Wikipedia,,
UFC 238: Cejudo vs. Moraes,https://en.wikipedia.org/wiki/UFC_238%3A_Cejudo_vs._Moraes,2025-12-07T15:34:37.062368,"June 8, 2019(2019-06-08)",United Center,/wiki/United_Center,"Chicago, Illinois",16083.0,"16,083[1]",2034387.49,"$2,034,387.49[1]",23500.0,0.6843829787234043,Wikipedia,,
UFC Fight Night: Gustafsson vs. Smith,https://en.wikipedia.org/wiki/UFC_Fight_Night%3A_Gustafsson_vs._Smith,2025-12-07T15:34:41.489386,"June 1, 2019(2019-06-01)",Ericsson Globe,/wiki/Ericsson_Globe,"Stockholm,Sweden",14319.0,"14,319[1]",2000000.0,"$2,000,000[1]",16000.0,0.8949375,Wikipedia,,
UFC 237: Namajunas vs. Andrade,https://en.wikipedia.org/wiki/UFC_237%3A_Namajunas_vs._Andrade,2025-12-07T15:34:49.763461,"May 11, 2019(2019-05-11)",Jeunesse Arena,/wiki/Jeunesse_Arena,"Rio de Janeiro,Brazil",15193.0,"15,193[1]",,,18768.0,0.8095161977834612,Wikipedia,110000.0,
UFC Fight Night: Iaquinta vs. Cowboy,https://en.wikipedia.org/wiki/UFC_Fight_Night%3A_Iaquinta_vs._Cowboy,2025-12-07T15:34:53.846510,"May 4, 2019(2019-05-04)",Canadian Tire Centre,/wiki/Canadian_Tire_Centre,"Ottawa,Ontario,Canada",10960.0,"10,960[1]",807000.0,"$807,000[1]",20500.0,0.5346341463414634,Wikipedia,,
UFC Fight Night: Overeem vs. Oleinik,https://en.wikipedia.org/wiki/UFC_Fight_Night%3A_Overeem_vs._Oleinik,2025-12-07T15:35:01.517802,"April 20, 2019(2019-04-20)",Yubileyny Sports Palace,/wiki/Yubileyny_Sports_Palace,"Saint Petersburg,Russia",7236.0,"7,236[1]",,,7044.0,1.0272572402044293,Wikipedia,,
UFC 236: Holloway vs. Poirier 2,https://en.wikipedia.org/wiki/UFC_236%3A_Holloway_vs._Poirier_2,2025-12-07T15:35:06.731414,"April 13, 2019(2019-04-13)",State Farm Arena,/wiki/State_Farm_Arena,"Atlanta, Georgia",14297.0,"14,297[1]",1900000.0,"$1,900,000[1]",,,Wikipedia,,
UFC Fight Night: Thompson vs. Pettis,https://en.wikipedia.org/wiki/UFC_Fight_Night%3A_Thompson_vs._Pettis,2025-12-07T15:35:16.504086,"March 23, 2019(2019-03-23)",Bridgestone Arena,/wiki/Bridgestone_Arena,"Nashville, Tennessee",10863.0,"10,863[1]",939095.99,"$939,095.99[1]",20000.0,0.54315,Wikipedia,,
UFC Fight Night: Till vs. Masvidal,https://en.wikipedia.org/wiki/UFC_Fight_Night%3A_Till_vs._Masvidal,2025-12-07T15:35:20.702138,"March 16, 2019(2019-03-16)",The O2Arena,/wiki/The_O2_Arena,"London,England",16602.0,"16,602[1]",2400000.0,"$2,400,000[1]",20000.0,0.8301,Wikipedia,,
UFC 235: Jones vs. Smith,https://en.wikipedia.org/wiki/UFC_235%3A_Jones_vs._Smith,2025-12-07T15:35:28.671144,"March 2, 2019(2019-03-02)",T-Mobile Arena,/wiki/T-Mobile_Arena,"Paradise, Nevada",14790.0,"14,790[1]",4035156.5,"$4,035,156.50[1]",20000.0,0.7395,Wikipedia,,
UFC 234: Adesanya vs. Silva,https://en.wikipedia.org/wiki/UFC_234%3A_Adesanya_vs._Silva,2025-12-07T15:35:40.343719,"February 10, 2019(2019-02-10)",Rod Laver Arena,/wiki/Rod_Laver_Arena,"Melbourne, Victoria, Australia",15238.0,"15,238[1]",2470088.0,"$2,470,088[1]",14820.0,1.028205128205128,Wikipedia,175000.0,
UFC Fight Night: Cejudo vs. Dillashaw,https://en.wikipedia.org/wiki/UFC_Fight_Night%3A_Cejudo_vs._Dillashaw,2025-12-07T15:35:48.332763,"January 19, 2019(2019-01-19)",Barclays Center,/wiki/Barclays_Center,"Brooklyn,New York",12152.0,"12,152[1]",1230000.0,"$1,230,000[1]",20000.0,0.6076,Wikipedia,,
UFC 232: Jones vs. Gustafsson 2,https://en.wikipedia.org/wiki/UFC_232%3A_Jones_vs._Gustafsson_2,2025-12-07T15:35:52.867980,"December 29, 2018(2018-12-29)",The Forum,"/wiki/The_Forum_(Inglewood,_California)","Inglewood, California",15862.0,"15,862[1]",2066604.0,"$2,066,604[1]",17500.0,0.9064,Wikipedia,,
UFC 231: Holloway vs. Ortega,https://en.wikipedia.org/wiki/UFC_231%3A_Holloway_vs._Ortega,2025-12-07T15:36:00.984800,"December 8, 2018(2018-12-08)",Scotiabank Arena,/wiki/Scotiabank_Arena,"Toronto,Ontario,Canada",19039.0,"19,039[1]",2400000.0,"$2,400,000[1]",20511.0,0.9282336307347278,Wikipedia,300000.0,
UFC Fight Night: Dos Santos vs. Tuivasa,https://en.wikipedia.org/wiki/UFC_Fight_Night%3A_Dos_Santos_vs._Tuivasa,2025-12-07T15:36:05.560139,"December 2, 2018(2018-12-02)",Adelaide Entertainment Centre,/wiki/Adelaide_Entertainment_Centre,"Adelaide, Australia",8652.0,"8,652[1]",1026937.0,"$1,026,937[1]",11300.0,0.7656637168141593,Wikipedia,,
UFC Fight Night: Blaydes vs. Ngannou 2,https://en.wikipedia.org/wiki/UFC_Fight_Night%3A_Blaydes_vs._Ngannou_2,2025-12-07T15:36:13.333480,"November 24, 2018(2018-11-24)",Cadillac Arena,/wiki/Cadillac_Arena,"Beijing, China",10302.0,"10,302[1]",,,190009000.0,5.421848438758164e-05,Wikipedia,,
UFC Fight Night: Magny vs. Ponzinibbio,https://en.wikipedia.org/wiki/UFC_Fight_Night%3A_Magny_vs._Ponzinibbio,2025-12-07T15:36:17.658976,"November 17, 2018(2018-11-17)",Estadio Mary Terán de Weiss,/wiki/Estadio_Mary_Ter%C3%A1n_de_Weiss,"Buenos Aires, Argentina",10245.0,"10,245[1]",,,15500.0,0.6609677419354839,Wikipedia,,
UFC 230: Cormier vs. Lewis,https://en.wikipedia.org/wiki/UFC_230%3A_Cormier_vs._Lewis,2025-12-07T15:36:25.695161,"November 3, 2018(2018-11-03)",Madison Square Garden,/wiki/Madison_Square_Garden,"New York City,New York",17011.0,"17,011[1]",2841718.0,"$2,841,718[1]",22000.0,0.7732272727272728,Wikipedia,250000.0,
UFC 229: Khabib vs. McGregor,https://en.wikipedia.org/wiki/UFC_229%3A_Khabib_vs._McGregor,2025-12-07T15:36:33.518570,"October 6, 2018(2018-10-06)",T-Mobile Arena,/wiki/T-Mobile_Arena,"Paradise, Nevada, United States",20034.0,"20,034[1]",17188894.67,"$17,188,894.67[2]",20000.0,1.0017,Wikipedia,2400000.0,
UFC Fight Night: Hunt vs. Oleinik,https://en.wikipedia.org/wiki/UFC_Fight_Night%3A_Hunt_vs._Oleinik,2025-12-07T15:36:42.000945,"September 15, 2018(2018-09-15)",Olimpiyskiy Stadium,/wiki/Olympic_Stadium_(Moscow),"Moscow,Russia",22603.0,"22,603[1]",1840000.0,"$1,840,000[1]",35000.0,0.6458,Wikipedia,,
UFC 228: Woodley vs. Till,https://en.wikipedia.org/wiki/UFC_228%3A_Woodley_vs._Till,2025-12-07T15:36:46.838137,"September 8, 2018(2018-09-08)",American Airlines Center,/wiki/American_Airlines_Center,"Dallas, Texas",14073.0,"14,073[1]",1700000.0,"$1,700,000[1]",21146.0,0.6655159368202024,Wikipedia,130000.0,
UFC Fight Night: Gaethje vs. Vick,https://en.wikipedia.org/wiki/UFC_Fight_Night%3A_Gaethje_vs._Vick,2025-12-07T15:36:51.422090,"August 25, 2018(2018-08-25)",Pinnacle Bank Arena,/wiki/Pinnacle_Bank_Arena,"Lincoln, Nebraska",6409.0,"6,409[1]",478337.0,"$478,337[1]",16130.0,0.397334159950403,Wikipedia,,
UFC 227: Dillashaw vs. Garbrandt 2,https://en.wikipedia.org/wiki/UFC_227%3A_Dillashaw_vs._Garbrandt_2,2025-12-07T15:36:56.036067,"August 4, 2018(2018-08-04)",Staples Center,/wiki/Staples_Center,"Los Angeles, California",17794.0,"17,794[1]",2850000.0,"$2,850,000[1]",21000.0,0.8473333333333334,Wikipedia,300000.0,
UFC Fight Night: Shogun vs. Smith,https://en.wikipedia.org/wiki/UFC_Fight_Night%3A_Shogun_vs._Smith,2025-12-07T15:37:04.904841,"July 22, 2018(2018-07-22)",Barclaycard Arena,/wiki/Barclaycard_Arena_(Hamburg),"Hamburg, Germany",7798.0,"7,798[1]",750000.0,"$750,000[1]",16000.0,0.487375,Wikipedia,,
UFC 226: Miocic vs. Cormier,https://en.wikipedia.org/wiki/UFC_226%3A_Miocic_vs._Cormier,2025-12-07T15:37:13.493722,"July 7, 2018(2018-07-07)",T-Mobile Arena,/wiki/T-Mobile_Arena,"Paradise, Nevada",17464.0,"17,464[1]",5677238.21,"$5,677,238.21[1]",20000.0,0.8732,Wikipedia,380000.0,
UFC Fight Night: Cowboy vs. Edwards,https://en.wikipedia.org/wiki/UFC_Fight_Night%3A_Cowboy_vs._Edwards,2025-12-07T15:37:21.814477,"June 23, 2018(2018-06-23)",Singapore Indoor Stadium,/wiki/Singapore_Indoor_Stadium,"Kallang, Singapore",6419.0,"6,419[1]",,,15000.0,0.42793333333333333,Wikipedia,,
UFC 225: Whittaker vs. Romero 2,https://en.wikipedia.org/wiki/UFC_225%3A_Whittaker_vs._Romero_2,2025-12-07T15:37:26.752410,"June 9, 2018(2018-06-09)",United Center,/wiki/United_Center,"Chicago, Illinois",18117.0,"18,117[1]",2550000.0,"$2,550,000[1]",23500.0,0.770936170212766,Wikipedia,250000.0,
UFC Fight Night: Rivera vs. Moraes,https://en.wikipedia.org/wiki/UFC_Fight_Night%3A_Rivera_vs._Moraes,2025-12-07T15:37:31.256807,"June 1, 2018(2018-06-01)",Adirondack Bank Center,/wiki/Adirondack_Bank_Center,"Utica, New York",5063.0,"5,063[1]",322825.0,"$322,825[1]",5700.0,0.8882456140350877,Wikipedia,,
UFC Fight Night: Thompson vs. Till,https://en.wikipedia.org/wiki/UFC_Fight_Night%3A_Thompson_vs._Till,2025-12-07T15:37:35.572594,"May 27, 2018(2018-05-27)",Echo Arena,/wiki/Echo_Arena,"Liverpool,England",8520.0,"8,520[1]",1300000.0,"$1,300,000[1]",11000.0,0.7745454545454545,Wikipedia,,
UFC Fight Night: Maia vs. Usman,https://en.wikipedia.org/wiki/UFC_Fight_Night%3A_Maia_vs._Usman,2025-12-07T15:37:40.033097,"May 19, 2018(2018-05-19)",Movistar Arena,/wiki/Movistar_Arena_(Santiago),"Santiago,Chile",11082.0,"11,082[1]",,,15500.0,0.7149677419354838,Wikipedia,,
UFC 224: Nunes vs. Pennington,https://en.wikipedia.org/wiki/UFC_224%3A_Nunes_vs._Pennington,2025-12-07T15:37:44.785141,"May 12, 2018(2018-05-12)",Jeunesse Arena,/wiki/Jeunesse_Arena,"Rio de Janeiro,Brazil",10696.0,"10,696[1]",,,18768.0,0.5699062233589087,Wikipedia,85000.0,
UFC Fight Night: Barboza vs. Lee,https://en.wikipedia.org/wiki/UFC_Fight_Night%3A_Barboza_vs._Lee,2025-12-07T15:37:49.197058,"April 21, 2018(2018-04-21)",Boardwalk Hall,/wiki/Boardwalk_Hall,"Atlantic City, New Jersey",9541.0,"9,541[1]",923720.0,"$923,720[1]",10500.0,0.9086666666666666,Wikipedia,,
UFC 223: Khabib vs. Iaquinta,https://en.wikipedia.org/wiki/UFC_223%3A_Khabib_vs._Iaquinta,2025-12-07T15:37:58.151474,"April 7, 2018(2018-04-07)",Barclays Center,/wiki/Barclays_Center,"Brooklyn,New York",17026.0,"17,026[1]",3007108.0,"$3,007,108[1]",20000.0,0.8513,Wikipedia,350000.0,
UFC Fight Night: Werdum vs. Volkov,https://en.wikipedia.org/wiki/UFC_Fight_Night%3A_Werdum_vs._Volkov,2025-12-07T15:38:02.614930,"March 17, 2018(2018-03-17)",The O2Arena,/wiki/The_O2_Arena,"London,England",16274.0,"16,274[1]",,,20000.0,0.8137,Wikipedia,,
UFC 222: Cyborg vs. Kunitskaya,https://en.wikipedia.org/wiki/UFC_222%3A_Cyborg_vs._Kunitskaya,2025-12-07T15:38:06.978914,"March 3, 2018(2018-03-03)",T-Mobile Arena,/wiki/T-Mobile_Arena,"Paradise, Nevada",12041.0,"12,041[1]",1367672.0,"$1,367,672[1]",20000.0,0.60205,Wikipedia,260000.0,
UFC 221: Romero vs. Rockhold,https://en.wikipedia.org/wiki/UFC_221%3A_Romero_vs._Rockhold,2025-12-07T15:38:18.370646,"February 11, 2018(2018-02-11)",Perth Arena,/wiki/Perth_Arena,"Perth, Australia",12437.0,"12,437[1]",2810520.0,"$2,810,520[1]",15500.0,0.8023870967741935,Wikipedia,130000.0,
UFC Fight Night: Machida vs. Anders,https://en.wikipedia.org/wiki/UFC_Fight_Night%3A_Machida_vs._Anders,2025-12-07T15:38:22.498109,"February 3, 2018(2018-02-03)",Arena Guilherme Paraense,,"Belém, Brazil",10144.0,"10,144[1]",,,,,Wikipedia,,
UFC 220: Miocic vs. Ngannou,https://en.wikipedia.org/wiki/UFC_220%3A_Miocic_vs._Ngannou,2025-12-07T15:38:28.597924,"January 20, 2018(2018-01-20)",TD Garden,/wiki/TD_Garden,"Boston, Massachusetts",16015.0,"16,015[1]",2450000.0,"$2,450,000[1]",21000.0,0.7626190476190476,Wikipedia,350000.0,
UFC Fight Night: Stephens vs. Choi,https://en.wikipedia.org/wiki/UFC_Fight_Night%3A_Stephens_vs._Choi,2025-12-07T15:38:32.729186,"January 14, 2018(2018-01-14)",Scottrade Center,/wiki/Scottrade_Center,"St. Louis,Missouri, U.S.",10052.0,"10,052[1]",812995.0,"$812,995[1]",22000.0,0.45690909090909093,Wikipedia,,
UFC 219: Cyborg vs. Holm,https://en.wikipedia.org/wiki/UFC_219%3A_Cyborg_vs._Holm,2025-12-07T15:38:37.255594,"December 30, 2017(2017-12-30)",T-Mobile Arena,/wiki/T-Mobile_Arena,"Paradise, Nevada",13561.0,"13,561[1]",1760628.74,"$1,760,628.74[1]",20000.0,0.67805,Wikipedia,380000.0,
UFC Fight Night: Swanson vs. Ortega,https://en.wikipedia.org/wiki/UFC_Fight_Night%3A_Swanson_vs._Ortega,2025-12-07T15:38:44.953508,"December 9, 2017(2017-12-09)",Save Mart Center,/wiki/Save_Mart_Center,"Fresno, California",7605.0,"7,605[1]",568290.0,"$568,290[1]",,,Wikipedia,,
UFC 218: Holloway vs. Aldo 2,https://en.wikipedia.org/wiki/UFC_218%3A_Holloway_vs._Aldo_2,2025-12-07T15:38:49.420431,"December 2, 2017(2017-12-02)",Little Caesars Arena,/wiki/Little_Caesars_Arena,"Detroit,Michigan",17587.0,"17,587[1]",2000000.0,"$2,000,000[1]",22000.0,0.799409090909091,Wikipedia,230000.0,
UFC Fight Night: Bisping vs. Gastelum,https://en.wikipedia.org/wiki/UFC_Fight_Night%3A_Bisping_vs._Gastelum,2025-12-07T15:38:57.032387,"November 25, 2017(2017-11-25)",Mercedes Benz Arena,/wiki/Mercedes-Benz_Arena_(Shanghai),"Shanghai,China",15128.0,"15,128[1]",,,18000.0,0.8404444444444444,Wikipedia,,
UFC Fight Night: Werdum vs. Tybura,https://en.wikipedia.org/wiki/UFC_Fight_Night%3A_Werdum_vs._Tybura,2025-12-07T15:39:01.070350,"November 19, 2017(2017-11-19)",Qudos Bank Arena,/wiki/Qudos_Bank_Arena,"Sydney, Australia",10021.0,"10,021[1]",,,1800021032.0,5.56715717308352e-06,Wikipedia,,
UFC Fight Night: Poirier vs. Pettis,https://en.wikipedia.org/wiki/UFC_Fight_Night%3A_Poirier_vs._Pettis,2025-12-07T15:39:05.356341,"November 11, 2017(2017-11-11)",Ted Constant Convocation Center,/wiki/Ted_Constant_Convocation_Center,"Norfolk, Virginia",8442.0,"8,442[1]",642070.0,"$642,070[1]",9520.0,0.8867647058823529,Wikipedia,,
UFC 217: Bisping vs. St-Pierre,https://en.wikipedia.org/wiki/UFC_217%3A_Bisping_vs._St-Pierre,2025-12-07T15:39:09.681892,"November 4, 2017(2017-11-04)",Madison Square Garden,/wiki/Madison_Square_Garden,"New York City,New York",18201.0,"18,201[1]",6200000.0,"$6,200,000[1]",22000.0,0.8273181818181818,Wikipedia,875000.0,
UFC Fight Night: Brunson vs. Machida,https://en.wikipedia.org/wiki/UFC_Fight_Night%3A_Brunson_vs._Machida,2025-12-07T15:39:14.212471,"October 28, 2017(2017-10-28)",Ginásio do Ibirapuera,/wiki/Gin%C3%A1sio_do_Ibirapuera,"São Paulo,Brazil",10265.0,"10,265[1]",,,10200.0,1.0063725490196078,Wikipedia,,
UFC Fight Night: Cerrone vs. Till,https://en.wikipedia.org/wiki/UFC_Fight_Night%3A_Cerrone_vs._Till,2025-12-07T15:39:18.247451,"October 21, 2017(2017-10-21)",Ergo Arena,/wiki/Ergo_Arena,"Gdańsk/Sopot,Poland",11138.0,"11,138[1]",677000.0,"$677,000[1]",15000.0,0.7425333333333334,Wikipedia,,
UFC 216: Ferguson vs. Lee,https://en.wikipedia.org/wiki/UFC_216%3A_Ferguson_vs._Lee,2025-12-07T15:39:22.380362,"October 7, 2017(2017-10-07)",T-Mobile Arena,/wiki/T-Mobile_Arena,"Paradise, Nevada",10638.0,"10,638[1]",677999.5,"$677,999.50[1]",20000.0,0.5319,Wikipedia,200000.0,
UFC Fight Night: Saint Preux vs. Okami,https://en.wikipedia.org/wiki/UFC_Fight_Night%3A_Saint_Preux_vs._Okami,2025-12-07T15:39:26.467269,"September 23, 2017(2017-09-23)",Saitama Super Arena,/wiki/Saitama_Super_Arena,"Saitama,Japan",8571.0,"8,571[1]",,,36500.0,0.23482191780821918,Wikipedia,,
UFC Fight Night: Rockhold vs. Branch,https://en.wikipedia.org/wiki/UFC_Fight_Night%3A_Rockhold_vs._Branch,2025-12-07T15:39:30.563326,"September 16, 2017(2017-09-16)",PPG Paints Arena,/wiki/PPG_Paints_Arena,"Pittsburgh, Pennsylvania",7005.0,"7,005[1]",396190.75,"$396,190.75[1]",19758.0,0.3545399331916186,Wikipedia,,
UFC Fight Night: Volkov vs. Struve,https://en.wikipedia.org/wiki/UFC_Fight_Night%3A_Volkov_vs._Struve,2025-12-07T15:39:38.251982,"September 2, 2017(2017-09-02)",Rotterdam Ahoy,/wiki/Rotterdam_Ahoy,"Rotterdam,Netherlands",10224.0,"10,224[1]",900000.0,"$900,000[1]",,,Wikipedia,,
UFC Fight Night: Pettis vs. Moreno,https://en.wikipedia.org/wiki/UFC_Fight_Night%3A_Pettis_vs._Moreno,2025-12-07T15:39:42.251826,"August 5, 2017(2017-08-05)",Arena Ciudad de México,/wiki/Mexico_City_Arena,"Mexico City,Mexico",10172.0,"10,172[1]",,,22300.0,0.4561434977578475,Wikipedia,,
UFC 214: Cormier vs. Jones 2,https://en.wikipedia.org/wiki/UFC_214%3A_Cormier_vs._Jones_2,2025-12-07T15:39:46.632624,"July 29, 2017(2017-07-29)",Honda Center,/wiki/Honda_Center,"Anaheim, California",16610.0,"16,610[1]",2448870.0,"$2,448,870[1]",18900.0,0.8788359788359789,Wikipedia,,
UFC Fight Night: Nelson vs. Ponzinibbio,https://en.wikipedia.org/wiki/UFC_Fight_Night%3A_Nelson_vs._Ponzinibbio,2025-12-07T15:39:54.230937,"July 16, 2017(2017-07-16)",The SSE Hydro,/wiki/The_SSE_Hydro,"Glasgow,Scotland",10589.0,"10,589[1]",1200000.0,"$1,200,000[1]",14500.0,0.7302758620689656,Wikipedia,,
UFC 213: Romero vs. Whittaker,https://en.wikipedia.org/wiki/UFC_213%3A_Romero_vs._Whittaker,2025-12-07T15:39:58.592938,"July 8, 2017(2017-07-08)",T-Mobile Arena,/wiki/T-Mobile_Arena,"Paradise, Nevada",12834.0,"12,834[1]",2400000.0,"$2,400,000[1]",20000.0,0.6417,Wikipedia,150000.0,
UFC Fight Night: Chiesa vs. Lee,https://en.wikipedia.org/wiki/UFC_Fight_Night%3A_Chiesa_vs._Lee,2025-12-07T15:40:06.330987,"June 25, 2017(2017-06-25)",Chesapeake Energy Arena,/wiki/Chesapeake_Energy_Arena,"Oklahoma City, Oklahoma",7605.0,"7,605[1]",549302.0,"$549,302[1]",18203.0,0.4177882766576938,Wikipedia,,
UFC Fight Night: Lewis vs. Hunt,https://en.wikipedia.org/wiki/UFC_Fight_Night%3A_Lewis_vs._Hunt,2025-12-07T15:40:14.719480,"June 11, 2017(2017-06-11)",Spark Arena,/wiki/Spark_Arena,"Auckland, New Zealand",8649.0,"8,649[1]",1150428.0,"$1,150,428 NZD[1]",120009740.0,7.206915038729356e-05,Wikipedia,,
UFC Fight Night: Gustafsson vs. Teixeira,https://en.wikipedia.org/wiki/UFC_Fight_Night%3A_Gustafsson_vs._Teixeira,2025-12-07T15:40:22.934790,"May 28, 2017(2017-05-28)",Ericsson Globe,/wiki/Ericsson_Globe,"Stockholm,Sweden",12668.0,"12,668[1]",1920000.0,"$1,920,000[1]",16000.0,0.79175,Wikipedia,,
UFC Fight Night: Swanson vs. Lobov,https://en.wikipedia.org/wiki/UFC_Fight_Night%3A_Swanson_vs._Lobov,2025-12-07T15:40:30.543513,"April 22, 2017(2017-04-22)",Bridgestone Arena,/wiki/Bridgestone_Arena,"Nashville,Tennessee",10144.0,"10,144[1]",755180.0,"$755,180[1]",20000.0,0.5072,Wikipedia,,
UFC Fight Night: Lewis vs. Browne,https://en.wikipedia.org/wiki/UFC_Fight_Night%3A_Lewis_vs._Browne,2025-12-07T15:40:53.580364,"February 19, 2017(2017-02-19)",Scotiabank Centre,/wiki/Scotiabank_Centre,"Halifax, Nova Scotia,Canada",8123.0,"8,123[1]",575832.0,"$575,832[1]",10595.0,0.766682397357244,Wikipedia,,
UFC Fight Night: Bermudez vs. The Korean Zombie,https://en.wikipedia.org/wiki/UFC_Fight_Night%3A_Bermudez_vs._The_Korean_Zombie,2025-12-07T15:41:01.389037,"February 4, 2017(2017-02-04)",Toyota Center,/wiki/Toyota_Center,"Houston,Texas",8119.0,"8,119[1]",611133.0,"$611,133[1]",19000.0,0.4273157894736842,Wikipedia,,
UFC 207: Nunes vs. Rousey,https://en.wikipedia.org/wiki/UFC_207%3A_Nunes_vs._Rousey,2025-12-07T15:41:15.082179,"December 30, 2016(2016-12-30)",T-Mobile Arena,/wiki/T-Mobile_Arena,"Paradise, Nevada",18533.0,"18,533[1]",4750000.0,"$4,750,000[1]",20000.0,0.92665,Wikipedia,1100000.0,
UFC 206: Holloway vs. Pettis,https://en.wikipedia.org/wiki/UFC_206%3A_Holloway_vs._Pettis,2025-12-07T15:41:22.935351,"December 10, 2016(2016-12-10)",Air Canada Centre,/wiki/Air_Canada_Centre,"Toronto, Ontario,Canada",18057.0,"18,057[1]",1843101.0,"$1,843,101[1]",20511.0,0.8803568816732485,Wikipedia,,
UFC Fight Night: Lewis vs. Abdurakhimov,https://en.wikipedia.org/wiki/UFC_Fight_Night%3A_Lewis_vs._Abdurakhimov,2025-12-07T15:41:27.385161,"December 9, 2016(2016-12-09)",Times Union Center,/wiki/Times_Union_Center,"Albany,New York",6216.0,"6,216[1]",411000.0,"$411,000[1]",17500.0,0.3552,Wikipedia,,
UFC Fight Night: Whittaker vs. Brunson,https://en.wikipedia.org/wiki/UFC_Fight_Night%3A_Whittaker_vs._Brunson,2025-12-07T15:41:35.210969,"November 27, 2016(2016-11-27)",Rod Laver Arena,/wiki/Rod_Laver_Arena,"Melbourne, Australia",13721.0,"13,721[1]",2200000.0,"2,200,000AUD[1]",14820.0,0.9258434547908232,Wikipedia,,
UFC Fight Night: Mousasi vs. Hall 2,https://en.wikipedia.org/wiki/UFC_Fight_Night%3A_Mousasi_vs._Hall_2,2025-12-07T15:41:42.960191,"November 19, 2016(2016-11-19)",The SSE Arena,/wiki/Odyssey_(Belfast),"Belfast, Northern Ireland",7222.0,"7,222[1]",850000.0,"$850,000[1]",11058.0,0.6531018267317779,Wikipedia,,
UFC Fight Night: Lineker vs. Dodson,https://en.wikipedia.org/wiki/UFC_Fight_Night%3A_Lineker_vs._Dodson,2025-12-07T15:41:58.309115,"October 1, 2016(2016-10-01)",Moda Center,/wiki/Moda_Center,"Portland, Oregon",6240.0,"6,240[1]",501035.0,"$501,035[1]",21538.0,0.2897204940105859,Wikipedia,,
UFC Fight Night: Cyborg vs. Lansberg,https://en.wikipedia.org/wiki/UFC_Fight_Night%3A_Cyborg_vs._Lansberg,2025-12-07T15:42:02.574781,"September 24, 2016(2016-09-24)",Ginásio Nilson Nelson,/wiki/Nilson_Nelson_Gymnasium,"Brasília,Brazil",8410.0,"8,410[1]",,,24286.0,0.3462900436465453,Wikipedia,,
UFC Fight Night: Poirier vs. Johnson,https://en.wikipedia.org/wiki/UFC_Fight_Night%3A_Poirier_vs._Johnson,2025-12-07T15:42:07.529548,"September 17, 2016(2016-09-17)",State Farm Arena,"/wiki/State_Farm_Arena_(Hidalgo,_Texas)","Hidalgo, Texas",5624.0,"5,624[1]",323419.0,"$323,419[1]",7400.0,0.76,Wikipedia,,
UFC 203: Miocic vs. Overeem,https://en.wikipedia.org/wiki/UFC_203%3A_Miocic_vs._Overeem,2025-12-07T15:42:12.030638,"September 10, 2016(2016-09-10)",Quicken Loans Arena,/wiki/Quicken_Loans_Arena,"Cleveland, Ohio",18875.0,"18,875[1]",2600000.0,"$2,600,000[1]",19432.0,0.9713359407163442,Wikipedia,450000.0,
UFC Fight Night: Arlovski vs. Barnett,https://en.wikipedia.org/wiki/UFC_Fight_Night%3A_Arlovski_vs._Barnett,2025-12-07T15:42:17.709234,"September 3, 2016(2016-09-03)",Barclaycard Arena,/wiki/Barclaycard_Arena_(Hamburg),"Hamburg, Germany",11763.0,"11,763[1]",913428.0,"$913,428[1]",16000.0,0.7351875,Wikipedia,,
UFC 202: Diaz vs. McGregor 2,https://en.wikipedia.org/wiki/UFC_202%3A_Diaz_vs._McGregor_2,2025-12-07T15:42:25.491391,"August 20, 2016(2016-08-20)",T-Mobile Arena,/wiki/T-Mobile_Arena,"Paradise, Nevada",15539.0,"15,539[1]",7700810.0,"$7,700,810[2]",20000.0,0.77695,Wikipedia,1650000.0,
UFC 201: Lawler vs. Woodley,https://en.wikipedia.org/wiki/UFC_201%3A_Lawler_vs._Woodley,2025-12-07T15:42:33.685751,"July 30, 2016(2016-07-30)",Philips Arena,/wiki/State_Farm_Arena,"Atlanta, Georgia",10240.0,"10,240[1]",1070000.0,"$1,070,000[1]",,,Wikipedia,240000.0,
UFC Fight Night: McDonald vs. Lineker,https://en.wikipedia.org/wiki/UFC_Fight_Night%3A_McDonald_vs._Lineker,2025-12-07T15:42:41.862699,"July 13, 2016(2016-07-13)",Denny Sanford Premier Center,/wiki/Denny_Sanford_Premier_Center,"Sioux Falls, South Dakota",5671.0,"5,671[1]",381945.0,"$381,945[1]",13000.0,0.43623076923076926,Wikipedia,,
UFC 199: Rockhold vs. Bisping 2,https://en.wikipedia.org/wiki/UFC_199%3A_Rockhold_vs._Bisping_2,2025-12-07T15:43:00.679570,"June 4, 2016(2016-06-04)",The Forum,"/wiki/The_Forum_(Inglewood,_California)","Inglewood, California",15587.0,"15,587[1]",2168675.0,"$2,168,675[1]",17500.0,0.8906857142857143,Wikipedia,283000.0,
UFC Fight Night: Namajunas vs. VanZant,https://en.wikipedia.org/wiki/UFC_Fight_Night%3A_Namajunas_vs._VanZant,2025-12-07T15:44:06.830123,"December 10, 2015(2015-12-10)",The Chelsea at The Cosmopolitan,/wiki/Cosmopolitan_of_Las_Vegas,"Las Vegas,Nevada",1643.0,"1,643[1]",234725.0,"$234,725[1]",,,Wikipedia,,
